{"version":2,"languages":{"bun":{"specfileHash":"32991b75897b14c8d4497db3c914be2b","lockfileHash":"932c1296cce123aa682ae00c18ba1262","guessedImports":["@replit/vite-plugin-shadcn-theme-json","tailwindcss","@tailwindcss/typography","vite","@vitejs/plugin-react","@replit/vite-plugin-runtime-error-modal","drizzle-kit","tailwindcss-animate"],"guessedImportsHash":"36ddde7162d77428665ff0a9fbe22ced"},"nodejs-npm":{"specfileHash":"522baf705c3197580bb1d0aeca886062","lockfileHash":"2ce848f225d3c9a1d90497fc581898d8"}}}
