{
	"appId": "com.aething.aistore",
	"appName": "AI Store",
	"webDir": "dist/public",
	"bundledWebRuntime": false,
	"server": {
		"androidScheme": "https",
		"cleartext": false
	},
	"android": {
		"minSdkVersion": 23,
		"targetSdkVersion": 34,
		"useLegacyBridgeMode": false,
		"overrideUserAgent": false,
		"backgroundColor": "#FFFFFF"
	},
	"plugins": {
		"PushNotifications": {
			"presentationOptions": [
				"badge",
				"sound",
				"alert"
			]
		},
		"SplashScreen": {
			"launchAutoHide": true,
			"backgroundColor": "#FFFFFF",
			"androidScaleType": "CENTER_CROP",
			"splashFullScreen": true,
			"splashImmersive": true
		}
	}
}
